name,street_1,street_2,city,region,postal_code,number_appts
1419 Westwood Blvd.,Brown Rapid,,Lake Sarahmouth,Iowa,41249,2
14nov2,Circuito Medicos 13,,Ciudad Satelite,MEX,53100,0
1 Nail Spa,2731 NC HWY 55,,Cary,NC,27519,10
2 Dogs and a Biscuit,3 dog way,,dogville,SC,29673,3
360 Merchant Group,3214 Hatch Blvd,,Sheffield,AL,35660,5
369 Industries,15131 Triton Lane,,Huntington Beach,CA,92649,0
38Rain,435 Merchant Walk Square,# 567,Charlottesville,VA,23320,1
5 Speed Collision Center,18703 West Little York,Suite 202,Katy,TX,77449,0
808 Fades,81 s Lanikai Place,,Haiku,HI,96708,0
808 Smart Car Rentals,444 Niu St,,Honolulu,HI,96815,2
A1M Arena,"920 E State Street, Suite D",,American Fork,UT,84003,0
A2D Wireless Solutions,8606 Loch Raven Boulevard,,Towson,MD,21286,2
Abba Smoke Citi,903 N Euclid St,,Anaheim,CA,92801,0
"A Better Life Psychotherapy, PLLC",8010 E. Morgan Trail,Suite 8,Scottsdale,AZ,85258,1
Above All Smog,2045 San Ramon Valley Blvd,,San Ramon,CA,94583,978
Above the Rest Barber and Beauty LLC,818 E. Louetta Rd. Ste C,,Spring,TX,77373,2267
Access Motorsports,1557 W. Hudson Road,,Rogers,AR,72756,0
Accupoint Labs,3750 Moffett Rd,,Mobile,AL,36618,0
Activmeals,7757 N First,,Fresno,CA,93720,0
A Cut Above Pet Salon,3836 Emerald Ave Ste G,,La Verne,CA,91750,0
Addictive Tattoo,4018 Morningside Ave,,Sioux City,IA,51106,0
Adela's Lash Studio,6626 W Loop 1604 N Ste 45,,San Antonio,TX,78254,47
adswertasf,5000 west madison,,chicago,IL,60616,0
Advantage RV Sales & Service Inc,5502 US 264 W,,Washington,NC,27889,0
Affinity UBS,444 E 81st St,,New York,NY,10028,0
Affordable Pet Grooming,2641 1/2 south 6th street,,Springfield,IL,62703,2
A Head of Style,612 E Oak St,,Fairbury,IL,61739,84
A Head of Style - Jill,612 E Oak St,,Fairbury,IL,61739,0
A Head of Style - Marybeth,612 E Oak St,,Fairbury,IL,61739,0
A Head of Style- Natasha,612 E Oak St,,Fairbury,IL,61739,0
A Head of Style - Robin,612 E Oak St,,Fairbury,IL,61739,0
akjsldhajlks,500 west madison,,chicago,IL,60661,0
Albany Paintball Experience,3167 Route 20,,Nassau,NY,12123,1
Alec's Sports Bar and Grill,129 W Walnut St,,Jesup,GA,31545,0
Alexander York The Salon & Barbershop,628 N Monroe,,Spokane,WA,99201,9
Alex Lifeson,2112 Lakeside Park,,Sterling,VA,20165,0
Alfredo's Auto Service,801 N Kenyon Rd,,Edinburg,TX,78542,8
All About The Look,1455 Mineral Spring Avenue,,North Providence,RI,02904,1
All Autos Smog 2244,2244 S. Santa Fe # C1,,Vista,CA,92084,0
Allegretto Music Academy,9627 Sims STE D,,El Paso,TX,79925,0
All Four Paws,340 W Maple St Ste B,,New Lenox,IL,60451,0
ALL IN 1 SUCCESS LLC,7408 WINDSOR MILL RD,STE D,WINDSOR MILL,MD,21244,1
All Star nails,907 west marketview,,Champaign,IL,61822,1
All Styling Studio,"32 Broadway, Suite 2",,Denville,NJ,07834,8
All The Rage Tattoo,208 Main St West,,Hartselle,AL,35640,0
A.L. Oliveira Auto Body,11 Hargrove Grade,Unit D,Palm Coast,FL,32137,0
Alpha Nails Bar,301 Grove St #2,,Worcester,MA,01605,0
Altamaha k-9,99 Flat Woods Rd,,screven,GA,31560,0
Alter Egos Beauty Bar,1619 Leon Rd,,Jacksonville,FL,32246,55
Always Tan & Boutique,1509 South Adams St Ste D,,Fulton,MS,38843,0
AM3 Auto LLC,7234 Windsor Mill Road,,Windsor Mill,MD,21244,0
Amanda  Horton,126 W Wise St,,Bowie,TX,76230,0
Amanda's Top Notch Grooming,600 N. 2nd Street,,Patterson,CA,95363,0
Amazing Grace Massage,225A  South Cedar St.,,Summerville,SC,29483,2
Amen Windows,3475 Old Hwy 105 W.,,Conroe,TX,77304,2
A Moving Company,3693 East Florence Drive,,Merdian,ID,83642,12
"A&M's Pawtential Obedience, LLC",612 1/2 Cypress St,,Throop,PA,18512,0
Anais Nail Salon,301 Attara Ave,,Coral Gables,FL,33146,1
Anchored Aesthetics Inc,2809 W 15th St. Suite 106,,Panama City,FL,32401,0
Anderson Aesthetics,1896 Gen George Patton Drive Suite 600,,Franklin,TN,37067,118
Andrew Hightower Massage,931 S. Front Street,,Columbus,OH,43206,0
ANDY'S CUSTOM UPHOLSTERY,1320 GRAND AVE,SUITE #2,SAN MARCOS,CA,92078,0
Anew Aesthetics,1896 Gen George Patton Drive,600,Franklin,TN,37067,213
A New Creation Salon,2295 Townelake Pkwy Ste 156,,Woodstock,GA,30189,2479
A New Horizon Community Services,108 N Jackson Rd Apt 34,,Edinburg,TX,78541,6
A New You Aesthetic,5757 Woodway Drive G100 STE 10,,Houston,TX,77057,0
Angela's Hair Salon,9728 B Midothian Turnpike,,N Chesterfield,VA,23235,0
Anthony Fredrick Salon,200 Boston Providence HWY,,Dedham,MA,02026,50
Apple Test Account [DO NOT CHANGE],500 West Madison,,Chicago,IL,60661,0
Appliance Solutions LLC,16345 Highway 65 NE,,Ham Lake,MN,55304,0
April's Healing Hands,15373 Hall Rd,,Macomb,MI,48044,42
Arlington Suites,521 Griswold Rd,,Elyria,OH,44035,0
Artistic Automotive Detailing,9601 Wilshire Blvd P1 Floor,,Beverly Hills,CA,90210,0
ART OF EYEBROW THREADING,16634 N Pennsylvania Ave,,Edmond,OK,73012,6
Art to Zen,125 S. Jefferson Ave.,,Cookeville,TN,38501,1
Ashley Clement,15043 Egret Hammock Drive,,Winter Garden,FL,34787,17
Atalie Slone LMT,121 S Spruce street,,Burlington,WA,98233,0
Aticus,131 SE 1st Ave,,Hallandale,FL,33009,0
A To Z Driving School,719 W Mount Houston Rd,,Houston,TX,77038,14
Automotive General Maintenance,3132 Winchester Ave,,Ashland,KY,41101,6
Auto Service Solutions,9 Rogers St,,Manchester,NH,03103,1
"Auto Shades, Inc",6302 Cleveland Blvd,Ste B,Caldwell,ID,83607,5
Auto Stylz,1026 Findlay St,,Portsmouth,OH,45662,22
Autumn Menard,209 E Ann Street,,Sault Sainte Marie,MI,49783,23
Avid Salon,1503 N 8th St,,Sheboygan,WI,53081,2
Avid Salon Kari,1503 N 8th St,,Sheboygan,WI,53081,0
Avid Salon Shannon,1503 N 8th St,,Sheboygan,WI,53081,1
Avid Salon Somer,1503 N 8th St,,Sheboygan,WI,53081,0
AZ AC DC Mobile Automotive  Repair,3015 E Main Street # 114,,Mesa,AZ,85213,0
Aztec Empire Barbershop - Ben McKeon,231 N Main St,,Spanish Fork,UT,84660,0
Aztec Empire Barbershop - Doreau,231 N Main Street,,spanish fork,UT,84660,0
Aztec Empire Barbershop - Jonathan Chiguil,308 N 600 e,,Provo,UT,84606,0
Bannon Tile Distributors Inc.,5700 Post Rd,,East Greenwich,RI,02818,0
Bark Place 81st,450 E 81st St,,New York,NY,10028,0
Bark Place First Ave,1371 1st Ave,,New York,NY,10021,4
Barks N Bubbles LLC,1558 North Park St.,,Carrollton,GA,30117,0
Basia Hair Salon,"249 US-202, Suite #2",,Somers,NY,10589,0
Baton Rouge’s Live Music,10244 Florida Blvd,,Baton Rouge,LA,70815,0
Bay Area Hairstyles,1501 Carmelita,,Burlingame,CA,94010,9
Bay Area POS,145 Corte Madera Town Center,,Corte Madera,CA,94925,0
Beach Avenue Hair,503 south orem blvd,,Orem,UT,84058,0
Bear Paws Massage,15 W Marshall St,,Rice Lake,WI,54868,3
Beautiful Forever Salon,158-25 Horace Harding Expwy,,Fresh Meadows,NY,11365,0
Beautiful Gate Chiropractic,15814 E. Us Hwy 24,,Independence,MO,64050,0
Beauty Bar,121  16th  Street,Suite 3,Ashland,KY,41101,3
Beauty Brows,35 Featherbed Ln,,Winchester,VA,22601,6
Beauty by Becca,16953 hwy 72,,rogersville,AL,35652,0
BeautyByLonda,10246 Wellhouse Ct,,Jacksonville,FL,32220,0
Beauty Lounge,266 Putnam Pike Ste 2,,Smithfield,RI,02917,0
Beauty Mark,1880 S Pierce St #12,,Lakewood,CO,80226,236
Beauty & More,21170 beach blvd,,huntington beach,CA,92648,1
Beauty Sensai,4230A Rosewood Dr,,Pleasanton,CA,94588,2
"Be Barbie Aesthetics, Inc.","1015 Chestnut Ave Ste, B3",,Carlsbad,CA,92008,1
Bee Clean 360,11881 Ashbrook Cir N,,Jacksonville,FL,32225,5
Being Dapper,1645 E Thomas Rd unit 2094,,Phoenix,AZ,85016,2
Be La Vie,10000 Main Street,,Penngrove,CA,94951,58
Bella Luce LTD,2125 E Hennepin,,Minneapolis,MN,55413,0
Bella Nails Spa,6165 Valley Spring Pky Ste G,,Riverside,CA,92507,12
Bella Romance Salon,4231 Independence Ave,,Kansas City,MO,64124,4
Bella Salon,933 Anderson Ste L,,Green Bay,WI,54304,25
Bella View Window & Doors,310 Pine Ave Ste C,,Goleta,CA,93117,4
BELLISSIMO SALON  SUITES LLC,1120 MISSISSIPPI AVE,,LYNN HAVEN,FL,32444,6
Bendover Wax Studio,376 SW Bluff Drive Suite 9,,Bend,OR,97702,1
Be Pampered Foot Spa,4130 Salisbury Road,Suite 1020,Jacksonville,FL,32216,0
Be Salon,4101 Rosswell Road Ste 301,,Marietta,GA,30062,0
Best Brake & More Inc,2820 NE Hudson Rd,,Rogers,AR,72756,13
Best Face Forward,6053 Hudson Rd #156,,Woodbury,MN,55125,0
Beth's Hair Salon & Spa,123 Main St,,Fayetteville,NC,28306,2
Big Band Catering,1624 Diana Dr,,Round Rock,TX,78664,2
Biosol Beauty Salon,296 Broadway,,Somerville,MA,02145,7
Biscayne Nail & Beauty Bar,10990 Biscayne Blvd Unit 14,,Miami,FL,33161,119
Biscayne Nail Spot,5050 Biscayne Blvd,,Miami,FL,33161,0
Bless African Hair Braiding Shop,7711 N Oak Trafficway,,Kansas City,MO,64118,6
Blown Away Salon LLC,223 Saint George Ave,,Roselle,NJ,07203,0
Blue Lion MG,1265 Sergeant Jon Stiles Dr,,Highland Ranch,CO,80129,0
Blue Stone Therapy,10769 N Frank Lloyd Wright Blvd suite A-110,,Scottsdale,AZ,85259,1
Bob's Muffler,301 W. Oldtown Street,,Galax,VA,24333,0
Body Care Foot Spa,16375 Monterey St. #K,,Morgan Hill,CA,95037,0
Body Kinetics Wellness,5940 S Rainbow Blvd,,Las Vegas,NV,89118,2
Bodyman's Autobody & Painting LLC,626 W. 25th Street,,Norfolk,VA,23517,7
Body Muse,9501 Arlington Expy Ste 160,,Jacksonville,FL,32225,197
Bodyworks Massage Academy,545 Ashmun St,,Sault Sainte Marie,MI,49783,1
BON BON SALON,17 W Forest St,,Brigham City,UT,84302,3
BON BON SALON & SPA,5555 E BELL RD #8,,SCOTTSDALE,AZ,85254,7
Boss Babe Publications,P.O. Box 697,,Ackerman,MS,39735,7
BoTANical Glow By Virginia,6620 SouthPoint Drive South,Suite 450,Jacksonville,FL,32216,1
Braids By Design,10033 Atlantic Blvd,,Jacksonville,FL,32225,0
Brain Masters Life Coaching,414 E. Santa Gertrudis,,Kingsville,TX,78363,1
Brazilian Waxing by Sisters,4447 N State Rd 7,,Lauderdale Lakes,FL,33319,1
Breathe of St. George,310 E. Tabernacle,,St. George,UT,84770,5
Bridal Connection,923 N Loop 1604 E #108,,San Antonio,TX,78232,0
Bronzz Beauty Studio,100 N Madison Ave Ste B,,Greenwood,IN,46142,0
Bronzz Beauty Studio,100 N. Madison Ave Suite B,,Greenwood,IN,46142,0
Brow Xpressions & Beauty Spa,4900 Ivey Rd NW Ste 1201,,Acworth,GA,30101,0
Bryce's Body Shop,2480 W 7000 N,,Honeyville,UT,84314,0
Bug Avengers,1418 Clemens Pl,,Reynoldsburg,OH,43068,0
Cake Lady Studios and Events,5601 W McDowell Rd,,Phoenix,AZ,85035,0
California Auto Works,2666 Middlefield Rd,,Redwood City,CA,94063,0
Calvin Allen Brown,6625 Dorchester Rd  Lot 202,,North Charleston,SC,29418,0
Canine New England Inc,21 Industrial Rd,,Walpole,MA,02081,479
Capelli Salon,3370 S Hualapai Way,,Las Vegas,NV,89144,0
Capt Keith's Classic Cleaners,2200 SE J St Ste 2,,Bentonville,AR,72712,0
Cara Mia Nails,3140 South Wadsworth,Suite 120,Lakewood,CO,80227,2054
Carlo Michelutti Valo Enterprises LLC -,34 East Oak St,3rd Floor,Chicago,IL,60611,1
Castle Nails & Spa,2144 Main street Suit 5,,Tewksbury,MA,01876,1
Catch the Fade,6904 Geyer Springs Rd Ste 4,,Little Rock,AR,72209,0
CC and Company Salon and Spa,160 Manor Ave,,Concord,NC,28025,3
CCR Shop,2001 N Frontage Rd,,Beeville,TX,78102,0
Cecelia Park Barbers,906 Morningside Ave,,Sioux City,IA,51106,31
Ceja's Detailing,598 Garden Hwy Ste 23,,Yuba City,CA,95991,0
Celebrations Hair Design,10 Old Hojack Lane Suite 105,,Hilton,NY,14468,0
Celebrity Lashes,910 N Western Ave,,Chicago,IL,60622,0
Central Coast Red Coral Spa,1148 E Grand Avenue,,Arroyo Grande,CA,93420,5
Central Texas Beauty College,1400 N Mays St,,Round Rock,TX,78664,5
Central Texas Beauty College,2010 S 57th St,,Temple,TX,76504,4
Chameleon 2 Salon,116 North Central Ave,,Eureka,MO,63025,0
Champions Health Club,8850 Santa Rosa Rd,,Atascadero,CA,93422,7
Champs Club,2110 Sandy Lane,,laurel,MS,39443,3
Chaotic Nailz,5014 San Juan Ave,,Jacksonville,FL,32210,0
Charley's General Construction,24450 Old Hwy 112,,Cameron,OK,74932,0
Chattering Squirrel Coffee Cafe,7711 Park Rd w,,Siren,WI,54872,0
Chestnut Hardware,212 Chestnut St,,Roselle Park,NJ,07204,0
Chicago,549 randolph street,,chicago,IL,60661,5
Chiropractic Healing Center,8437 State Ave Suite A,,Kansas City,KS,66172,0
Chop Shop Barbershop,2611 Post Rd,,Plover,WI,54467,346
Christina & Company Hair Salon,104 Jason St,,Victoria,TX,77901,0
Chroma Hair Salon,4111 Stephens St.,,San Diego,CA,92103,2
CJ's Elevated Photography LLC,2392 W New Orleans St,,Broken Arrow,OK,74011,0
CLEAN EARTH SOAP,1223 N Nevada Ave,,COLORADO SPRINGS,CO,80903,0
Clear the Clutter Professional Organizers,13241 Boccala Ln,,Estero,FL,33928,0
Club Fun,5940 King Hill Ave,,St Joseph,MO,64504,2
Club Vive Mas,6225 Tyler St. Ste. 102,,Riverside,CA,92503,0
Coco Nail Salon & Spa,1668 E State St,,Hermintage,PA,16148,1
Coco's African Hair Braiding,7416 Windsor Mill Road,Suite B,Baltimore,MD,21244,0
coffee shop,5000 west madison,,chicago,IL,60661,10
Collins Funeral Home,92 East Ave,,Norwalk,CT,06851,0
Complexions Skin Care Med Spa,684 Excelsior Blvd Ste 110,,Excelsior,MN,55331,0
Composure Health Spa,1 West 41st St Ste 5,,Sand Spinas,OK,74063,55
Contemporary Hair Design,430 Diablo Rd,,Danville,CA,94526,2
ContestaRockHair,5010 NE 2ND AVE STE 204,,Miami,FL,33137,87
Convicted Ink Tattoos,693 N State st,,orem,UT,84057,0
Corner Cuts,105 D S Jefferson,,Millstdadt,IL,62260,14
Cornerstone Cars,920 Justison Street,,Wilmington,DE,19801,4
"Courteous Canine, LLC",40 N Roosevelt Road,,Black River Falls,WI,54615,0
"Couture By Tess Bridal, LLC",31 W. Broad St,,Cookeville,TN,38501,175
CRAFTS 2 YOU,2441 N Main St Ste 6,,Sunset,UT,84015,73
C&R Bookkeeping & Tax Services,590 G St Ste 3,,Chula Vista,CA,91910,0
Creations Hair Salon,5753 Hilldale Blvd.,,Sacramento,CA,95842,2
Cristal's Beauty Salon,3925 Howard st,,evanston,IL,60201,0
"C.R. Kurtz, Inc.",802 Navarre Rd. S.W.,,Canton,OH,44707,1
Cross Edge Martial Arts,134 Winecoff NW,,Concord,NC,28025,1
Crystal McKenna,1990 Pawtucket Ave,,East Providence,RI,02914,0
C Street Salon and Spa,810 Caroline St STE 201,,Fredridgesburg,VA,22401,1915
Customized Looks!,8481 S Yosemite St,Suite #301,Lone Tree,CO,80124,3
Cuts and Shades of Color,12403 Nacogdoches Rd #94,,San Antonio,TX,78217,127
Cuts by Kelsie,1120 Mississippi Ave,,Lynn Haven,FL,32444,0
Cuts By Sosa,13055 W Sunrise Blvd,,Sunrise,FL,33323,0
Dagon Produce,1329 Brentwood Dr,,Corpus Christi,TX,78415,0
Daintily Polished,345 E Silverado Ranch BLVD,,Las Vegas,NV,89183,17
Daintys Nail Spa,7740 Nova Dr Suite 2,,Davie,FL,33324,0
Daisy Nails,4704 Cahaba River Rd,Suite G,Birmingham,AL,35243,0
Dallas ProMax,5225 Town Country Blvd #210,,Frisco,TX,75034,0
"Dana's Restaurant & Catering, LLC",94235 Hanawai Cir Unit 1,,Waipahu,HI,96797,1
Danielle Murry,1113 S Foster Street Ste 2,,Dothan,AL,36301,152
Daniel Nail Spa,28480 State Hwy 74 Ste F,,Menifee,CA,92585,3
Danjoe,233 East Osage st,,Pacific,MO,63069,59
Dapper Doodle,22 skyview Dr,,Louisa,KY,41230,0
Darocha Fitness,1936 S Coast Hwy,,Laguna Beach,CA,92651,0
Dashing Diva Nail Lounge,753 Manhattan Ave,,Brooklyn,NY,11222,19414
datru cutz,7545 tara rd apt.305,,jonesboro,GA,30236,3
Dean Schultz,8638 Frost AVE,,St. Louis,MO,63134,0
Debbie R Scoggins Salon,1485 Hwy 34 E,,Newman,GA,30265,0
Dein the Barber,2531 Piedmont RD NE,SUITE 404,Atlanta,GA,30324,50
Del Valle Chiropractic and Rehab Clinic,915 Huckleberry St,,El Paso,TX,79903,0
Demetrius Cooper,2327 Cats Paw View,,Converse,TX,78109,374
Demo Account - Bert Carder,124 Panorama Drive,,Durango,CO,81303,9
Demo DBA Name,1234 North Avenue,,Winter Garden,FL,34787,3
Demo DBA Name,1234 N Somewhere,,Anywhere,AZ,85741,0
Demo DBA Name,123 red branch rd,,columbia,MD,21044,0
Demo DBA Name,123 This Streeet,,Broomfield,CO,80023,0
Demo DBA Name,1 Charleston Blvd,,Las Vegas,NV,89102,0
Demo DBA Name,308 Winding Brook Ct,,Greenville,SC,29617,0
Demo DBA Name,754 Chester Drive,,Hebron,IN,46341,0
Demo Demo,111 Main st,,Chicago,IL,60016,0
Demo - Gabe's Nails & More...,112 Main St.,,San Francisco,CA,94104,10
Demo-ICC South,251 N Rose St Ste 244,,Kalamazoo,MI,49007,2
Demo MCR,1600 Penselvania Av,,Walton,KY,49707,0
demo-Michael Garrett store,dummy,,dummy,TN,37865,0
demo-sap,500 west madison,,chicago,IL,60661,0
Demo - Test Prod Payments App Account,500 West Madison,,Chicago,IL,60661,1
Dental Loft,50 East 100 South Suite 202,,Saint George,UT,84770,0
Dermaglow Denver Med SPA LLC,3090 S Jamaica Ct,,Aurora,CO,80014,22
Design Additions,3569 St Johns Avenue,,Jacksonville,FL,32205,0
Detective Dan Prod Test,300 California Street,,San Francisco,CA,94014,14
Detective Dan's,300 California Street,,San Francisco,CA,94014,0
Devwoods Studio Salon,148 South Saginaw St #2,,St. Charles,MI,48655,1148
DFW Auto Spa,5971 Mendocino Dr,Apt 2164C,Dallas,TX,75248,0
Diagnostico Por Imagen By Juan Antonio,"Av. Niños Heroes no 2915, Jardinez Del Bosque",,Guadalajara,JAL,44520,0
Directed Wellness Center,210 W Lexington Ave,,Independence,MO,64050,2
Divinas Salon - Iris Meza Galeana,1372 West Creek Blvd,,Murfreesboro,TN,37129,0
DIY Garage Knox,6001 Chapman Hwy,,Knoxville,TN,37920,13
Doggie Do's Grooming Salon Inc.,2190 Broad St.,,Cranston,RI,02905,0
Doggyday Inn Resort and Grooming LLC,3849 Northdale Boulevard,,Tampa,FL,33624,18
Dominique Randall,3158 Hwy 278 NW,,Covington,GA,30014,0
Donald Robertson Insurance Agency LLC,26 Grand Circle Dr,,Maryland Heights,MO,63043,0
Don Carlos Barbershop,9831 Beach Blvd Ste 5,,Jacksonville,FL,32246,441
DONT B SHY BEAUTY STUDIO LLC,1516 PALM BAY RD,,PALM BAY,FL,32905,125
Dover Honing Co,703 8th st,,San Diego,CA,92101,18
Downey Brows,10921 Downey Ave,,Downey,CA,90241,0
Dragonfly Permanent Makeup,814 S College Road Suite C,,Wilmington,NC,28403,618
Dr Deena Stacer,16516 Bernardo Center Dr ste130,,San Diego,CA,92128,1
"Dr Harris - Mission Grove Chiropractic, Inc.",6670 Alessandro blvd ste A,,Riverside,CA,92506,4
Dripped by Nina,1000 peridot pkwy apt 6302,,stockridge,GA,30281,0
Dr. Jeana Ned,6864 S Mason Rd,,Katy,TX,77450,391
Dynamic Retail Solutions,United States,,New Orleans,LA,70458,1
Dynamite Braids Hair Salon & Spa,7047 Frankford Ave,,Philadelphia,PA,19135,820
Dynasty Cuts Barbershop,2952 Dunn Avenue #2,,Jacksonville,FL,32218,672
EAG Performance,625 Nelms Circle,,Fredericksburg,VA,22406,0
Eclectic CO.,214 1/2 N Tejon,,Colorado Springs,CO,80903,40
Eden Nails,1658 President Ave,,Fall River,MA,02720,1
Ela Salon,2901 Florida Ave Suite 805,,Cocunut Grove,FL,33133,10
Ela's Nails & Spa,168 S. Texas Blvd. Ste A,,Weslaco,TX,78596,0
El Capitan Taqueria,1725 Polk St,,San Francisco,CA,94109,0
El Club del Exito,2105 belton dr,,Arlington,TX,76018,0
Elena Baker Dance Studio,1815 Trawood Ste B-2,,El Paso,TX,79935,0
Elite Class Automotive,104A S Beverly Dr,,Locust,NC,28097,0
Elite Performance Physical Therapy LLC,19146 S Molalla Ave Suite A,,Oregon City,OR,97045,0
el jul 17 pay 1 online,1000 mail st,,Walnut Creek,CA,98596,2
el uw core aug 28,300 california st,,san francisco,CA,94104,0
Emergency Chiropractic,750 W. High St. Suite 200,,Lima,OH,45801,313
Emergency Chiropractic,7588 Central Parke Blvd Ste 112,,Mason,OH,45040,11
Emilies Places 2,300 california st,,san francisco,CA,94104,0
Emma Justine Hair Lounge and Spa,11511 Main St,,Louisville,KY,40243,2116
EM Nail,906 Alton Rd,,Miami Beach,FL,33139,17
Empire Beauty LLC,661 N 500 W,,Provo,UT,84601,0
En Pointe Hair Studio,100 Glen St # 10,,Glens Falls,NY,12801,1
Envy Salon & Spa,51 railroad ave,,hilton,NY,14468,0
Epik Hair Studios,4201 Buffalo Rd,Suite # 6,N. Chili,NY,14514,5748
Equinimity,"11050 Manning Ave S Hastings, Minnesota",,Hastings,MN,55033,7
Era Salon,7885 Lichen Dr,,Citrus Heights,CA,95621,1
ER Custom Automotive,7110 NW 6th Ct,,Miami,FL,33150,21
Ericka's Somabel Med Spa,4435 S Jackson Rd,,Edinburg,TX,78539,502
Essentials Salon LLC,2107 Bagnell Dam Blvd Ste 108,,Lake Ozark,MO,65049,0
Esthétique Vitale,3562 E. 51st St.,,Tulsa,OK,74135,0
Estilo Salon,313 Main St E,,Menomonie,WI,54751,1
Estilo Salon,438 water st,,eau claire,WI,54708,0
Estomago Feliz,300 W. Mitchell,,San Antonio,TX,78204,0
Estrella's Bakery,9030 Albemarle Rd suite b,,Charlotte,NC,28215,0
Euphoria,332 Adams St SE,,Albuquerque,NM,87108,1
Euphoria Reign,11116 W California Ave,,Youngtown,AZ,85363,44
Euphoria Salon and Spa Alison,1038 W 1st North St,,Morristown,TN,37814,0
Euphoria Salon and Spa Tonya,1038 W 1st North St,,Morristown,TN,37814,0
Euphoria Salon & Spa Lesa,1038 W 1st North St,,Morristown,TN,37814,60
Euphoria Salon & Spa Olivia,1038 W 1st North St,,Morristown,TN,37814,0
Euphoria Salon & Spa Olivia,1038 W. First N Street,,Morristown,TN,37814,0
European Corner Massage&Spa,602 E Tuscaloosa St.,,Florence,AL,35630,72
Evelyn's Salon - Miralba,4711 US 17 Ste 17,,Organe Park,FL,32003,0
Events Home,719 E. Quincy St.,,San Antonio,TX,78215,0
Ever Beautiful A Skin Wellness Studio,140 S Main St,,Thiensville,WI,53092,1
Evolve Beauty and Boutique,80925 Overseas Hwy Ste 2,,Islamorada,FL,33036,0
Executive Beauty Bar,65 Cordial Ct Ste A,,Falling Waters,WV,25419,0
Express Beauty Salon,3553 S 12th Ave #141,,Tucson,AZ,85713,0
Eyebrows Plus Cosmo,1110 Marshall Rd Ste A,,Vacaville,CA,95687,9
Eyebrows R Us,4125 S Eastern Ave Unit 103,,Las Vegas,NV,89119,0
Eyebrows R Us -  Blue Diamond,3960 Blue Diamond Rd #101,,Las Vegas,NV,89119,0
Eyebrows R Us - Bonanza/Nellis,4880 E Bonanza #1,,Las Vegas,NV,89110,0
Eyebrows R Us - Craig & Jones,6010 W Craig Rd #120,,Las Vegas,NV,89130,0
Eyebrows R Us - Craig & Losee,2575 E Craig #F,,Las Vegas,NV,89030,0
Eyebrows R Us - Eastern & Flamingo,4125 S Eastern Ave Unit 103,,Las Vegas,NV,89119,0
Eyebrows R Us - Fort Apache & Tropicana,4825 S Ft Apache #J,,Las Vegas,NV,89119,0
Eyebrows R Us - Green Valley & Warm Springs,2293 N Green Valley Pkwy,,Las Vegas,NV,89102,0
Eyebrows R Us -  Meadows,4530 Meadows Ln Unit C2,,Las Vegas,NV,89107,0
Eyebrows R Us - Rainbow & Sunset,6295 S Rainbow #102,,Las Vegas,NV,89113,0
Eyebrows R Us - Sahara & Decatur,3540 W Sahara #E6,,Las Vegas,NV,89119,0
Eyebrows R Us - Sahara & Valley View,3540 West Sahara Ave Unit E1,,Las Vegas,NV,89103,0
Eyebrows R Us - Summerlin,10860 W Charleston #150,,Las Vegas,NV,89135,1
Eyebrows R Us - Windmill & Eastern,8140 S Eastern Ave Unit 4,,Las Vegas,NV,89119,0
Eyetailor Optical,1201 US Highway 1 Suite # 23 B,,North Palm Beach,FL,33408,0
EZN Storage,1009 Shelton Beach Road,,Saraland,AL,36571,0
Fabulash Queen,1093 Orem Blvd #B,,Orem,UT,84058,93
Faith Fitness Center,101 E. Screven Street,,Quitman,GA,31643,0
Fan C Style,31217 Plymouth Rd,,Livonia,MI,48150,1
Farm Of Dreams,2248 Culbreath Road,,Brooksville,FL,34602,0
Fastest Labs of South Denver,6810 S Dallas Way,,Greenwood Village,CO,80112,177
Fastest Labs of Tempe,2105 S 48th Street Suite 108,,Tempe,AZ,85282,25
Fat Alberts,106 E. Gridley Rd.,,Gridley,IL,61744,0
Femina Hair Make Up & Spa,6523 Bandera Rd.,,San Antonio,TX,78238,0
Fetal Memories 2D 3D 4D Ultrasound,1018 N Tustin Street,,Orange,CA,92867,2
Fingers of Faith Hair Salon,4300 Portsmouth Blvd,#154 - Suite 114,Chesapeake,VA,23321,20
Fisherman’s Mobile RV Repair,3774 E Everglade Ave,,Odessa,TX,79762,0
FITNESS ELITE,628 Cedar St,,Perry,OK,73077,1
Five Corner Cuts,77 W State St,,Granby,MA,01033,3
Five Elements of Healing LLC,151 church street north east,,concord,NC,28025,16
FLO ELITE CLEANING SPECIALISTS LLC,4505 N. 56TH ST. BLG F,,TAMPA,FL,33610,2
Flowers of Honor,1633 S Winstel Ave,,Tucson,AZ,85713,0
Foxden Salon,524 Washington Street,,Brainerd,MN,56401,0
Frame Gallery Off the Square,125 N Marion St,,Athens,AL,35611,0
Franklin's Auto Repair,300 California St,,San Francisco,CA,94538,3
French Pastry Cafe & More,111 AABC Suite G,,Aspen,CO,81611,0
Fresko Grilled Sandwich,132 Saint Andrews Dr,,Murfreesboro,TN,37128,0
Fringe Salon LLC,1150 Oaklawn Ave,,Cranston,RI,02920,0
Full Count Academy,8429 Rendon Bloodworth Dr,,Mansfield,TX,76063,3
Full Plate Strength and Conditioning,66 S Broad St,,Westfield,MA,01085,2
Fully Promoted Lake Norman,19420 Jetton Road Ste 103,,Cornelius,NC,28031,0
Gabe's Barbershop,123 Seacrest Ln,,San Francisco,CA,94530,26
Gemma Winslet Nail Lounge,1109 International  Drive Suite 1611,,Lake Mary,FL,32746,31
Gena's Cuts N Tans,455 Hwy 6 East,,Batesville,MS,38606,969
G & G Pest Control,301 S Adams St,,Beeville,TX,78102,1
Gia's Canvas,450 S Buffalo Dr,Ste 105,Las Vegas,NV,89145,62
Glamorous Salon Spa,2989 N. Main Street,,Walnut Creek,CA,94597,2
Glamour Paws,10005 Dauphin Island Pkwy,,Theodore,AL,36582,1
Glitz Glamour & Style Salon,4606 Wetz,,San Antonio,TX,78217,0
Gloss Beautique,767 2nd ave,,eauclaire,WI,54703,0
Gloss Beautique - Menomonie,332 main st e,,menomonie,WI,54751,0
Golden Dagger,510 20th St,,Huntington,WV,25703,93
Good Vibrations Yoga,11 10th ave S,,Hopkins,MN,55343,22
Goodwin Chiropractic LLC,1 Elizabeth Pl Ste 280,,Dayton,OH,45417,1
Goo Goo Dogs,189 W 300 S,,Provo,UT,84601,1
Gopher Liquors,5929 S University Blvd,,Greenwood Village,CO,80121,0
GotNailedAtWendysNailAndSpa,311 3rd St N Ste 103,,Jacksonville Beach,FL,32250,322
Grace Grooming LLC,332 Burkett Flat Road,,Greenbrier,AR,72058,9
GRACY'S BEAUTY SALON,10330 Hole Ave,,Riverside,CA,92505,1
Grand Salon Hair Studio,1 Glen Ave,,Scotia,NY,12302,61
Green Turtle Salon & Spa,1590 W Horizon Ridge Pkwy,Suite 100,Henderson,NV,89012,0
"GR Facial, Wax and Lash LLC",6339 Argyle Forest Blvd STE 2,,Jacksonville,FL,32244,4
Grips Ink Art Collective,809 Hollywood Rd NW Ste D,,Atlanta,GA,30318,0
Guacamole King,402 W Arrow Hwy Ste 10,,San Dimas,CA,91773,0
Haddock Chiropractic and Wellness Center llc,2614 FM 1585 suite11,,Lubbock,TX,79423,293
HAIR BY ALEX,862 ARNOLD COMMONS DRIVE,,ARNOLD,MO,63010,0
Hair by Ashley Buck,275 RIver Road #D,,Salinas,CA,93908,0
Hair By Brooke,100 N. Madison Suite B,,Greenwood,IN,46142,0
Hair by Charity,117 Renne Ford Rd,,Locust,NC,28097,0
Hair By Dominique,4010 Highway 6 S Ste H,,Houston,TX,77082,2
Hair by Jenna Lenae,5163 Main St,,Lucedale,MS,39452,12
Hair by McKenzie McCullough,303 E Central Entrance,,Duluth,MN,55811,0
Haircuts by Harold LLC,1034 2nd St Ste A,,Lafayette,CA,94549,1
Hair Designs By Eve,13869 SW 151 St,,Miami,FL,33196,0
Hair Designs By Sonia Morrow,4011 Seven Hills Dr,,Florissant,MO,63033,1
Hair Experts Plus,7520 West Cliff Dr,,Las Vegas,NV,89145,166
Hair Mechanix,611 A. Big Bear Blvd,,Columbia,MO,65202,1
Hairology Studio LLC,2350 cemetery rd,,north east,PA,16428,3432
Hairport Salon,8991 Pembroke Rd,,Pembroke Pines,FL,33025,2
Hair Studio,103 W Gordon St,,Thomaston,GA,30286,6
Hair Therapy Salon and Spa,57 Crowell Road,,Covington,GA,30014,0
HAIRWORKS,8230 Mira Mesa Blvd Ste C,,San Diego,CA,92126,0
Hair Worx Salon,703 N. Davis Street,,Nashville,GA,31639,1614
Hairy Styles Pet Salon Inc,5109 N Edgewood Drive,,Provo,UT,84604,4
Haley Hammell,16953 Hwy 72,,rogersville,AL,35652,0
Hazzard Fitness and Tan,26 Dutchtown plaza,,Palatine Bridge,NY,13428,3
H Beauty Salon LLC,8746 Grissom Rd,,San Antonio,TX,78251,0
HD Machine,2525 Schillinger Rd. N.,,Semmes,AL,36575,0
Healing Spa and Massage,2695 N. Military Tr,Suite 1,West Palm Beach,FL,33409,69
Healthy Nurse by Design,3948 Market Street,#24353,Minneapolis,MN,55424,1
Hector's Haircuts,300 California St,,San Francisco,CA,94104,29
Hello Beautiful LLC,1991 Mineral Spring Ave,,North Providence,RI,02904,2
HFC & Shawarma Grill,6242-44 N California Ave,,Chicago,IL,60659,0
Hidden Beauty Salon &Spa,709 Woodward Ave,,Muscle Shoals,AL,35661,0
Hidden Hills Portable Buildings,4050 Florence blvd,,florence,AL,35634,0
High Maintenance,5225 Hwy 84 West,,Laurel,MS,39443,0
Hollis Ross Demo Account,111 Main Stree,,San Francisco,CA,94941,0
Holmes Chiropractic Inc,1111 North Loop W Ste 155,,Houston,TX,77008,0
Home Expressions,111 E James St,,Columbus,WI,53925,1
Home With Help,8080 E Gelding Dr #104,,Scottsdale,AZ,85260,0
Honey Hush Beauty Parlor,7734 Hwy 43,,Florence,AL,35634,1
"HOUSTON COLOSSEUM ACADEMY LLC,",14929 Westpark Dr.,Suite 200,Houston,TX,77082,1
HP Nails,2818 West US HWY 421,Suite C,Wilkesboro,NC,28697,0
Hurricane Diesel Performance,7655 Tara Drive,,Semmes,AL,36575,0
Hyperbaric Fitness,15 Holbrook Ave,,Swanzey,NH,03446,2
IAM Church,3066 W Clarendon Ave,,Phoenix,AZ,85017,1
Ida's Bubble Tea Shop,555 North Tea Shop,,Chicago,IL,60661,8
Ideal You Weight Loss Inc.,1129 Airline Rd.,,Corpus Christi,TX,78412,3
Images By Vincenzo,2050 East Henrietta Rd,,Rochester,NY,14623,0
iMassage Corrective Bodywork,1018 N Cass St,,Wabash,IN,46992,760
iNails & Spa,160 Ritchie highway,unit a,severna park,MD,21146,40
I Natural Salon & Spa,3001 Pablo Kisel Blvd Ste 1,,Brownsville,TX,78526,8
Infinite Ways LLC,522 E 17th,,Cheyenne,WY,82001,87
InsideOut,330 j street,,san diego,CA,92101,0
Inside Out Studio,3529 Cloverdale Rd,,Florence,AL,35630,346
Insignia Hair Salon,1530 Locust Street,,Walnut Creek,CA,94596,55
Intermountain Massage Therapy College,405 S 100 W Ste 200,,Bountiful,UT,84010,415
Ironheart Carpet,4325 E Barnett,,MEDFORD,OR,97504,0
Isimadore Nappy Rutz,521 W Evans Street,,Florence,SC,29501,85
Itz Styles Salon,709 East Main St,,Fredericksburg,TX,78624,4
IV Bagel Cafe,6551 Trigo Road,Suite 1,Goleta,CA,93117,0
Jack the Clippers Barbershop,2850 Yorktowne Blvd,,Brick,NJ,08723,0
James and Michelle Morgan at SpotOn,603 N. 8th Street,,Saint Joseph,MO,64501,1
Janet @ Head of Style,612 E Oak St,,Fairbury,IL,61739,0
Javier's Barbershop,1112 9th St Ne,,Rochester,MN,55802,0
JAY ACUPUNCTURE,3858 CHICAGO AVE.,,RIVERSIDE,CA,92507,70
Jazzy Handz Beauty Salon,501 B Azalea Dr,,Waynesboro,MS,39367,15
JC Invitations LLC,3609 West Ave,,San Antonio,TX,78213,0
JC JS Auto Repair LLC,4871 E Flamingo Rd,,Las Vegas,NV,89121,0
JC Salon (Jamie),107 South Jackson St,,Grove Hill,AL,36451,417
Jelani Beauty and Barber Shop,977 Reon Drive,#101,Virginia Beach,VA,23464,11
Jesse's Barbershop,902 West San Marcos Blvd #B,,San Marcos,CA,92078,4957
Jill Bergerud INC,3939 W 69th Street Suite 13,,Edina,MN,55435,1
Jimmy Clippers Cuts,7223 Northeast Dr,,Austin,TX,78723,0
JJs Hair & Daughters Spa,1356 E. Ervin Rd,,Van Wert,OH,45891,1
Johnson Paseur Medley,1847 N Wood Ave,,Florence,AL,35630,0
JoJo & Gigi's Grooming Spaw,930 Pepper Ave.,,Wisconsin Rapids,WI,54494,2
Jose Fiesta's Rentals,4832 E. 9th St,,Kansas City,MO,64124,0
Joseph Savoie Auto Detailing,PO BOX 182458,,Arlington,TX,76096,7
Jo's Nails,10912 Bulloch Dr,,Manassas,VA,20109,1
Journey Skincare Elisha Stone,15 W Marshall St,,Rice Lake,WI,54868,0
JRios Business Solutions,2121 Main St,,Modesto,CA,95358,0
J Styles and Cuts Hair Salon,5425 Kostoryz Rd,,Corpus Christi,TX,78415,12
Julie's Beauty Salon,5638 N. Clark St,,Chicago,IL,60660,1
Just Detailing,870 Ave B Unit 405,,Boulder City,NV,89005,0
Kala Shelton Hair,16953 Highway 72,,Rogersville,AL,35652,0
K and J Cleaners Inc,6224 31st St E Ste 4,,Bradenton,FL,34203,0
Kandy’s Beauty Salon,3000 W Valencia Rd #240,,Tucson,AZ,85746,0
Kangen Water Store W Sahara,7795 W Sahara Ave,,Las Vegas,NV,89117,3
Kash's Lashes by Kashina,220 5th Ave,,Thomaston,GA,30286,0
Katella Nails Spa,644 E Katella Ave,,Orange,CA,92867,0
Kate's Production Test,1797 Timothy Dr,,San Mateo,CA,94598,4
Kate Trobee,4742 N Gracemoor Cir,,Colorado Springs,CO,80917,0
Kathleen's Fiber Arts,212 River St,,Troy,NY,12180,0
Kathleens Korner - Morgan,101 South Marion St,,Athens,AL,35611,0
Kathleen's Korner - Whitney,101 South marion,,athens,AL,35611,0
(Kayla Deluna) Hidden Beauty Salon & Spa,709 Woodward Ave,,Muscle Shoals,AL,35661,0
KC Curves,6000 w Markham st,ste 3152,Little Rock,AR,72205,0
KD Nails Salon & Spa,1053 c north walnut st,,milford,DE,19963,0
Keen Insight Energy,210 Venetian Bay Cir,,Sanford,FL,32771,0
Kennesaw Luxury Hair Boutique & Salon,3055 north main st ste 102,,kennesaw,GA,30144,1
Kenny's Kutz,17308 hwy 72 w,,Athens,AL,35611,5
Kent Williams,6801 W. 12th St.,,Little Rock,AR,72204,0
"Keri Powe, LMT",104 W 7th St,,Columbia,TN,38401,5
Kijana Salon,7301 SW 57th Ct STE 130,,Miami,FL,33143,143
KIM ARNOLD BELLISIMO,1120 MISSISSIPPI AVE,,LYNN HAVEN,FL,32444,127
Kim Davis @ Simply Chic,3241 Old Bay Springs Rd,,Laurel,MS,39440,0
King and Queen Mobile Detailing,292 Wages Rd,,Auburn,GA,30011,0
Kings & Legends Barber and Salon,604-2 East Moody Blvd,,Bunnel,FL,32110,0
Kings Mane Barbering,4693 Stahl Rd,,San Antonio,TX,78217,8
KK's Castle,811 N Thompson Ln,,Murfreesboro,TN,37129,0
Klein Physical Therapy,2765 S. Colorado Blvd Ste 103,,Denver,CO,80222,1
Kreuser Gallery LLC,125 east boulder street,,colorado prings,CO,80903,0
Kristen's Kreations,192 Pine Grove Road,,YatesVille,GA,31097,0
Krypton Car Wash,6942 Pembroke Rd,,Pembroke Pines,FL,33023,0
KSC Nail Salon,4269 Sergeant Rd,,Sioux City,IA,51106,0
K & T Detailing,1980 Hwy 54 Suite A,,Peachtree City,GA,30269,1
L7 AUTO GROUP,880 NORTH E. ST.,,SAN BERNARDINO,CA,92410,2
Label Graphics Co.,302 Century Ct,Suite 101,Franklin,TN,37064,0
La Bella Vida Salon,292 W 800 N,,Orem,UT,84057,1
Laguna Beach Aesthetics,32392 S Coast Hwy Ste 240,,Laguna Beach,CA,92651,0
LAKESIDE WATERSPORT RENTALS,3960 LAKESIDE RESERVE LANE,,ORLANDO,FL,32810,4
La La's Salon and Spa,4327 Boonsboro Rd Unit 2 & 3,,Lynchburg,VA,24503,2
Langston Chiropractic,155 Ana Dr.,,Florence,AL,35630,0
Lark St Tattoo,278 Lark St,,Albany,NY,12210,1582
Larry's Auto Service,220 1/2 W Central Ave,,Titusville,PA,16354,0
Larry's Garage,15710 FM 849,,Lindale,TX,75771,8
Laser Derm Med Spa Brownsville,2155 N. Expressway,,Brownsville,TX,78520,0
Laser Derm Med Spa San Antonio,17503 La Cantera Pkwy,Ste 103,San Antonio,TX,78257,12
Lashes and Skin Care by Abra,100 N. Madison Ave.,Ste B,Greenwood,IN,46142,0
Lash Luks,3 Meriden Way,,Boynton Beach,FL,33426,0
Lash Revival LLC,319 Pinehill Dr,,Mobile,AL,36606,763
Lava Hotel Spa,196 E Main St,,Lava Hot Springs,ID,83246,0
LD Association Group LLC,30651 Carriage Hill Dr,,Menifee,CA,92584,42
Leah Beasley Hairstylist,437 W Pershing rd,Suite #5,Decatur,IL,62526,2
Leah Parker @ Simply Chic,3241 Old Bay Springs Rd,,Laurel,MS,39440,0
Le Barbershop Chantelle,2045 Sheridan Blvd Unit C,,Edgewater,CO,80214,0
Le Barbershop Jazlynn,2045 Sheridan Blvd Unit C,,Edgewater,CO,80214,0
Le Barbershop LLC,2045 Sheridan Blvd,,Edgewater,CO,80214,9382
Le Prince Hair Salon,1524 West Cary Street,,Richmond,VA,23220,3
Lesley Rogers Hair LLC,1427 Dublin St.,,New Orleans,LA,70118,4
LESLIE'S PAW SPA & PET SALON,5145 JURUPA AVE. UNIT G2,,Riverside,CA,92504,0
Le V Laser Med Spa,4200 Jaime J Zapata,,Brownsville,TX,78526,0
Lexi’s Chicken Wing Dip,5972 River Forest Circle,,Bradenton,FL,34203,12
Liberty Plumbing & Solar,8050 n 19th ave #497,,Phoenix,AZ,85021,0
Life Changers Worship Center,625 W Southern Ave Ste E,,Mesa,AZ,85210,0
Life Chiropractic Center,605 N Shetland Ct,,Post Falls,ID,83854,3626
Life Long Appliance,5310 RESERVOIR DR,,San Diego,CA,92115,1
LightSpeed Lift,500 E 10th Street,,Duluth,MN,55805,147
LINO'S BARBER SHOP,327 E 1200 S #7,,OREM,UT,84058,2
Lionetti Hair Clipper Service,1633 E McDowell Rd,,Phoenix,AZ,85006,0
Lisa Marie Hair LLC,21001 North Tatum Blvd.,,Phoenix,AZ,85050,0
Little Rockets Academy,5201 N Ware Rd,,McAllen,TX,78504,9
Living Canvas Tattoo Parlour,8280 W Coal Mine Ave Ste 11,,Littleton,CO,80123,0
Livirae Lingerie,543 Roberts Ct NW Ste 200,,Kennesaw,GA,30144,0
LJ Diamond Network,1157 S. Military Hwy Suite 101B,,Chesapeake,VA,23320,9
LJ's Salon & Styles,6801 W 12th St,,Littlerock,AR,72204,0
"LN Nails Salon, Inc.",3007 Eastern Boulevard,Suite C,Middle River,MD,21220,0
Local Gurus Digital,517 Shoreside Way Suite 264,,Virginia Beach,VA,23452,9
Love is in the Hair- Rubi,1313 S Home Ave Suite A,,Kokomo,IN,46902,0
Love Lola Therapy Massage,9730 Harriet Ave,,Jacksonville,FL,32208,0
Love Nail Salon,6146 South Dixie Highway,,South Miami,FL,33143,3
Love Thy Self,1200 Plantation Dr S,,North Richland Hills,TX,76180,1
LuAnn Blohm Hair,6744 West Wells St,,Wauwatosa,WI,53213,1
Lucky V Nail Spa,3750 Alhambra Ave,#6,Martinez,CA,94503,0
Luna's Silhouettes Spa,110 Washington Ave,CU7,Miami Beach,FL,33139,112
Luxe De Vil,33 E Dakota Ave,,Denver,CO,80238,0
Lux Exclusive Barbering,2845 Brookdale Dr,,Brooklyn Park,MN,55444,1
Lux Lash Bar,"20260 C-1 Katy Fwy, Ste #128",,Katy,TX,77449,11
Luz Ma Aesthetics,11921 S Dixie Hwy.,Suite 207,Pinecrest,FL,33156,799
Lyric House Beauty Co,330 W Main St,,Hendersonville,TN,37075,0
Mae Robinson Cleaning LLC,3309 Lowe Dr,,Murretta,GA,30066,0
Magdalenas Beauty Salon and Spa,3202 E GREENWAY RD #1632,,PHOENIX,AZ,85032,0
Maggie's Cuts,78 Main Street,,Kingston,MA,02364,62
Magnolia Float Spa,3849 Gulf Shores Pkwy,,Gulf Shores,AL,36542,2
Mai QA Test2,9906 Kamena Circle,,Boynton Beach,FL,33436,5
Mandala Massage Therapy,26 NW Irving Ave,,Bend,OR,97703,1
Mane Life Salon,208 Arthur Way,,Newport News,VA,23602,0
Mane Street Salon,127 E Krack St,,Forrest,IL,61741,0
Mans Best Friend Pet Salon & Boutique,7524 West Cliff Dr,,Las Vegas,NV,89145,10
March02,500 west madison,,chicago,IL,60661,9
Mariachi Flores Mexicanas,9627 Sims Ste D,,El Paso,TX,79925,0
Maryland Gift,10300 Little Patuxent Parkway,,Columbia,MD,21044,0
Massage By Danielle,292 state rd 35,,Osceola,WI,54020,0
Matt the Barber,916 S Main Street,,Kokomo,IN,46902,71
Maxfield Angel Hair,1285 Carpenter Hill rd,,Medford,OR,97501,2
may1Core1,300 california st,,san francisco,CA,94104,2
Mayberry Music Academy,819 West Pine Street,,Mount Airy,NC,27030,0
MBR Automotive Specialist,385 N Wright Brothers Dr. Unit 4,,Salt Lake City,UT,84116,0
"McNabbs Tattoo and Fine Art, LLC",1505 S Five Mile Rd,,Boise,ID,83709,1
Meka's Braids and Styling,108 East Main St.,,Biscoe,NC,27209,56
Meraki Hair Studio,3850 Balfour Rd. Suite 219,,Brentwood,CA,94513,6
Meraki Massage,1300 John R St Ste B,,Muscle Shoals,AL,35661,1012
Meraki Massage - Felicia,1300 John R St Ste B,,Muscle Shoals,AL,35661,0
Merle Norman Cosmetics & Spa,50 S Washington St,,Hinsdale,IL,60521,796
Merlies Braids And More,199 NW 62nd St,,Miami,FL,33150,1
Mermaid Riot,2058 Stringtown Rd,,Grove City,OH,43123,3
Michael J Thomas Enterprise LLC,2529 19th st,,Lake Charles,LA,70601,0
Michael Koz,500 W Madison St,,Chicago,IL,60661,185
Michael Koz,50 california st,,maiami,FL,34104,2
Mid City Salon,46 West Broadway,,Salt Lake City,UT,84104,0
Midland Fitness,100 Midland Ave 250,,Glenwood Springs,CO,81601,2
MID Spoton Demo 2,300 california st,,san francisco,IL,94104,18
MID Spoton Test 1,300 California St,,San Francisco,CA,94104,10
Midwest Barbery LLC,2012 Main St,,Kansas City,MO,64108,7
Midwest Chiropractic Center,6649 N High St Ste 101,,Worthington,OH,43085,0
Mika's Leaf,11330 Leopard St Ste 500,,Corpus Christi,TX,78410,0
Mike's Car Detail,460 West 1600 North,,Orem,UT,84057,28
Mila Threading & Beauty Salon,4667 Morse Centre Rd,,Columbus,OH,43229,0
Mill Valley Car Wash,1234 Main Street,,Mill Valley,CA,94941,0
Mindy Rogowski,100 N. Madison Ave Suite # B,,Greenwood,IN,46142,0
Mini's New Prod Merchant,500 Canal,,Chicago,IL,60016,0
Mini's Test,300 california st,,san francisco,CA,94104,2
Mink Luxe Salon LLC,1180 West Ave. SW,,Conyers,GA,30012,0
Mint Day Spa Betty,126 W Wise St,,Bowie,TX,76230,1
Mint Day Spa- Chelsey,1004 N Mill St,,Bowie,TX,76230,4
Mint Day Spa Tamra,1004 N Mill St,,Bowie,TX,76230,24
Mira Linda Beauty & Bodyworks,7455 W Washington Ave Ste 210,,Las Vegas,NV,89128,4
MK Flooring,310 W North Water St,,New London,WI,54961,0
Modesto Cuts,2101 Rumble Rd Suite D,,Modesto,CA,95350,0
Modmara,981 C Stuyvesant Ave,,Union,NJ,07083,0
Mohawk Valley Sylez,165 West Main,,Amsterdam,NY,12010,0
Moler Barber School of Saint Paul LLC,990 Payne Ave,,Saint Paul,MN,55130,0
MOMMAS MEDISPA,135 S.HIGHWAY 101,,Solana beach,CA,92075,1740
Monarcas Hair Salon,1625 crows Landing,,Modesto,CA,95351,0
Moon Shine Tanning,985 E. 141st Street,Suite D,Glenpool,OK,74033,2
MORENO'S GENERAL AUTO REPAIR INC.,4791 Doane Ave,,Riverside,CA,92505,0
"Morgan Investigative Group, LLC",8553 N. Beach Street Ste. 391,,Fort Worth,TX,76244,6
Morton Hunt Family Funeral Home,311 James Hannah Drive,,South Shore,KY,41176,0
Mountain Dentistry,2053 Sidewinder Dr,,Park City,UT,84060,1
Mountaineere Designs WV INC,69 S Main St,,Philipp,WY,26416,0
Mr. Charlie,600 East Sonterra #4409,,San Antonio,TX,78258,0
Murfreesboro Bio Renew & IV Infusion Clinic,803 N Thompson Ln Ste A104,,Murfreesboro,TN,37129,420
Muse Beautique,12811 Kenwood Ln Ste 109,,Fort Myers,FL,33907,122
Music City Party Tub,musiccitypartytub.com,,Nashville,TN,37203,3
My Car Care Connection,398 Delaware Ave,,Fort Lauderdale,FL,33312,0
Myofascial Restoration and Integration,2835 Mitchell Dr ste 100,,Walnut Creek,CA,94598,0
NAILBAY,7201 Melrose ave ste B,,Los Angeles,CA,90046,5
Nail City,1680 Hwy 5 STE 145,,Aberdeen,NC,28315,0
Nail Max,1561 plainfield pike,,johnston,RI,02919,0
Nailosophy,481 HARVARD ST,,Brookline,MA,02446,3
Nails 2000,19782 Interstate 45 Ste B,,Spring,TX,77373,7
Nails and Spa,700 Haywood rd Suite 1054,,Greenville,SC,29607,19
Nails by JT,1319 Castroville Rd.,,San Antonio,TX,78237,0
Nails by Synovia,5907 NW 2nd Ave,,Miami,FL,33127,0
Nailz & Beyond,8639 Tara Blvd,,Jonesboro,GA,30236,0
Nano's Hair and Day Spa,5339 W Devon Ave,,Chicago,IL,60646,0
Natural Beauty Salon,3251 N University Dr,,Coral Springs,FL,33065,0
"Nectar, A Skincare Boutique",Courtney Square,3 Franklin Road,East Greenwich,RI,02818,3
NE Florida Raw Dog Food,1267 Ivey Lane,,Green Cove Springs,FL,32043,1
Nenette’s Beauty Salon,9580 Black Mountain Rd Ste I,,San Diego,CA,92126,1
Nevada Lash and Brow Co,22 Winter Street,,Reno,NV,89503,3
Nevada Lash and Brow Co - MADISON,22 Winter Street,,Reno,NV,89503,0
Nevada Lash and Brow Co Teresa,22 Winter Street,,Reno,NV,89503,0
New Concept By Maribel,1133 Elizabeth Ave,,Elizabeth,NJ,07201,59
New Dimension Spa & Salon,110 E Agostadero St.,Ste A,Weslaco,TX,78596,3
New Image-1114,1114 Elida Ave,,Delphos,OH,45833,2150
New Image-841,841 N Williams St,,Paulding,OH,45879,1301
New Reflections Hair Designs - Tracy Anderson,1209 Capuchino Ave,,Burlingame,CA,94010,0
"New Scotland Physical Therapy, LLC",1944B New Scotland Rd,,Slingerlands,NY,12159,8
Next Level Multicultural Salon,101 West South St.,,Aberdeen,NC,28315,1
Nice guy,hello man,,malibu,CA,91360,6
Nicole Eckes @ Ricciolo Salon,2015 Foothill Blvd,,La Verne,CA,91750,0
NijaDonabella Salon,2210 Gathering Park Circle suite 1,,Cary,NC,27519,0
Nirvana Nail Studio,5915 Norwich Ave N Ste 5,,Oak Park Heights,MN,55082,30
Nisswa Hair Salon Candace Rolstad,4820 Country Rd 77,,Nisswa,MN,56468,1
Noah Levay Salon,3900 Legacy Park Blvd Ste E100,,Kennsaw,GA,30144,0
NorthWest Express Auto Care,19144 West Little York,,Katy,TX,77449,1
Northwest Pine Apple,900 N Riverside,,Medford,OR,97501,0
"Nourish,  LLC",307 W. Main st.,,Radford,VA,24141,0
Nu Da Locsmyth,1823 Dunn Rd,,Florissant,MO,63033,0
NU Era Barbershop,630 NW Broad St Unit A,,Murfreesboro,TN,37130,3
Nurtured by Karen,15301 W. 87th Street Parkway Suite B30,,Lenexa,KS,66219,6
Oasis Nails,1332 Venture Dr Unit B,,Forest,VA,24551,0
Oceanside Automotive Specialists,2026 Oceanside Blvd,,Oceanside,CA,92054,3
Odren's Auto Service,690 E Chicago Rd,,Coldwater,MI,49036,0
Old Towne Auto and Trailer Registration,20031 W Valley Blvd A,,Tehachapi,CA,93561,0
Ooh La La Salon,4227 E Shields Ave,,Fresno,CA,93726,0
Opti Connections,624 N Expressway 77/83,STE 2,Brownsville,TX,78521,7
Option Plus Hair Salon (Crystal),1486 Ecorse Rd,,Ypsilanti,MI,48198,0
Options Plus Hair Salon,1486 Ecorse Rd,,Ypsilanti,MI,48198,0
Options Plus Hair Salon (Aliyah),1486 Ecorse Rd,,Ypslanti,MI,48198,0
Options Plus Hair Salon (Jeanette),1486 Ecorese Rd,,Ypsilanti,MI,48198,0
Oregon Medical Centers LLC,2515 Liberty ST NE,,Salem,OR,97301,0
Ornelas Chiropractic,702 W Irvington Rd Ste #100,,Tucson,AZ,85714,1
Out Of The Grey Wellness,100 willow creek lane apt.104,,woodstock,GA,30188,4
Overall Development & Nutrition,4011 W Argyle,,Chicago,IL,60630,0
OV Hair,1335 W. Lambert Ln unit 135,,Tucson,AZ,85737,0
Pampered Pooch,18044 CR 349,,St Joseph,MO,64505,1
Paper Rock Scissors Salon,3035 WHITE BEAR AVE,Suite 3,MAPLEWOOD,MN,55109,15
Paradise Spa,825 Dulaney Valley Road,,Towson,MD,21204,1
Parlor of Art Tattoo,5902 N Belt Hwy,,Saint Joseph,MO,64506,0
Parlour,3225 West Cary Street,Studio #25,Richmond,VA,23221,1
Party Castle,201 Station rd 210b,,Quakertown,PA,18951,0
PartyParty Photobooths and Entertainement,2255 Thousand Oaks Dr.,#4504,San Antonio,TX,78232,2
Patchwood Products,14797 State St South,,Hillman,MI,49746,0
Pat's Hair We Are,10120 Montwood Dr,,El Paso,TX,79925,5
Paulette Moore ~ Mary Kay Consultant,18507 Rollingside Drive,,South Chesterfield,VA,23834,0
pavijan23uwmer1p,300 california st,,san francisco,CA,94104,0
pavioct28pay1,5656,,san jose,AR,88876,0
Paws Abound,2125 West Fairbanks Ave,,Winter Park,FL,32789,0
Paws and Whiskers Barber Shop,803 E 100 N,,Payson,UT,84651,0
Paws of Purrfection,5619 Andrew Road,,Mobile,AL,36619,0
P & C Nails,1702 W Newport Pike,,Wilmington,DE,19804,0
Pediluxe Nail & Spa,3830 Falmouth Rd,,Marston Mill,MA,02648,0
PEEK A BOO BODY WAXING,8460 E Broadway Blvd Ste 100,,Tucson,AZ,85710,215
Peppers Market and Sandwich Shop,2107 Grace Park Dr,,Morrisville,NC,27560,0
PETIQUETTE PET GROOMING,405 Long Trail Rd,,Black Hawk,CO,80422,0
Petit Auto & Performance LLC,501 Business Hwy 53,,Minong,WI,54859,0
Petrichor Float Center,36290 Hidden Springs Rd.,,wildomar,CA,92595,0
Pet Styles,2410 Dawes Rd. Suite B,,Mobile,AL,36695,3603
Phamtastic Mobile Detailing,1617 N Riverside ave,,Medford,OR,97504,28
Phoenix DJ,2134 W. Marconi Avenue,,Phoenix,AZ,85023,0
Photography by Saprina,1122 E Main St,,Morristown,TN,37814,0
Pieces by Vaughn,2415 Halls Hill Pike,Suite F,Murfreesboro,TN,37130,466
Piña Colada Express ™,1804 North Washington Boulevard,Suite 105,Llanfairpwllgwyngyllgogerychwyrndrobwllllantysiliogogogoch,CA,90000,1
Pink mink luxury,243 Creek Road,Apt 12,Keansburg,NJ,07734,0
Pinky's,910 S.E. Military Dr.,#A010,San Antonio,TX,78224,0
Pizzazz Salon,3932 N Ocean Blvd,,Fort Lauderdale,FL,33308,5
PJs College of Cosmetology,4010 South Emerson Ave,,Indianapolis,IN,46203,614
Play’n Hooky Rentals,18500 San Carlos Blvd,,Fort Myers Beach,FL,33931,0
Poki & Maki,500 West Madison,,Chicago,IL,60661,0
Posh Hair Studio,20326 NW 2nd Ave,,Miami Gardens,FL,33169,0
Positively Whole Health,10047 Park Meadows Dr Unit C,,Lone Tree,CO,80124,0
POS Test,swapnil+testmarch@spoton.com,,chicago,IL,60661,2
Poynt4-2010 - gave it to Michael K,300 California St,,San Francisco,CA,94104,1
PPG Hair Clinic,5713 Raleigh Lagrange,,Memphis,TN,38134,0
Preferred Limousine 8 Transportation,776 Terni Ln B,,Santa Barbara,CA,93105,0
Pretty Loud Inc,9000 Bristol Park Dr,Apt 202,Bartlett,TN,38133,0
Pretty Please Hair,6909 N LOOP 1604 E. #1183 B,,SAN ANTONIO,TX,78247,0
Priority Tax Service,4707 Greenleaf Ct,,Modesto,CA,95356,0
Prod Appointments Merchant Poland,300 california st,,san francisco,CA,94104,3
Prod Two Tablet Merchant,300 california st,,san francisco,CA,94104,0
Production 222,300 california st,,San Francisco,CA,94104,1
Professional Lice Center LLC,207 N 2nd st,,Goodhue,MN,55027,1
Pro Nails,3850 West Main Street Ste 603,,Dothan,AL,36305,5
Pro Nails & Spa,99 Commerce Way,,Woburn,MA,01801,0
Prosper Health Clinics,"5228 Lovers Ln, Ste 110",,Portage,MI,49002,0
Pro Wash,1423 Woodridge Drive,,Danville,IL,61832,3
"Public, Mail & More",2390 Fruitridge Road,,Sacramento,CA,95822,0
Pura Vida Therapy,12480 W 62nd,Terrace #100,Shawnee,KS,66216,0
Pure Balance Float Spa,215 W Wade Hampton Blvd STE D,,Greer,SC,29650,1785
(QA) Victor Prod,500 W Madison St,,Chicago,IL,60661,151
(QA) VM VT,500 W Madison St,#3130,Chicago,IL,60661,11
Q Royalty Boutique,1403 W Roosevelt Rd STE B,,Little Rock,AR,72206,1
Radiant Brilliance,9811 W Charleston Blvd Ste 2-374,,Las Vegas,NV,89117,0
Radiant Skin Aesthetics,1520 Longleaf Pine Pkwy Ste 111,,Saint Johns,FL,32259,69
RADIANT WELLNESS CENTER,556 1st Ave N,,Saint Petersburg,FL,33701,0
Radici Hair Studio,512 Via de la Valle Ste 100,,Solana Beach,CA,92075,0
Raw Remedies LLC,203 E Colorado Ave B-1,,Las Vegas,NV,89104,1
Rays Autoservice,10302 Leopard St,,Corpus Christi,TX,78410,0
Razor Edge Beauty Company,3203 S M129,,Sault Sainte Marie,MI,49783,0
Reach Higher Athletics,389 Industrial Rd,,Saint George,UT,84770,0
REDD NOSE INKIES,10550 HWY E,,ROLLA,MO,65401,0
Rediscover Yourself LLC,933 Anderson Dr STE I,,Green Bay,WI,54304,446
R.E.D Space Salon,4028 Mayfield Rd,,South Euclid,OH,44121,1
Redtop barber Shop,128 S Dalton St,,Slocomb,AL,36375,259
REFLECTIONS HAIR STUDIO,400 S Main St,,Three Rivers,MI,49093,2536
Rejuvenique & Graceful Touch Salon,57805 Labauve Ave,,Plaquemine,LA,70764,1557
Relaxe,808 montana,,El Paso,TX,79902,0
"Respond180 CPR, LLC",409 Worman Dr,,Gahanna,OH,43230,3
ReStart,8312 Office Park dr,,Douglasville,GA,30134,0
Restoration Sports Massage,9250 Martin Rd,,Roswell,GA,30076,2
Reta Thiele,906 Morningside Ave,,Sioux City,IA,51106,0
Revolutionary Fit,233 S Battleground Avenue,,Kings Mtn,NC,28086,17
Rhino Sheds LLC,159 Mount View Drive,,Mount Airy,NC,27030,0
"Richard M. Skay, O.D.","1903 W San Marcos Blvd, Suite 130",,San Marcos,CA,92078,1
Ridgefield Organics & Specialty Market,109 Danbury Rd,,Ridgefield,CT,06877,0
Rio Salon,7670 E Broadway Blvd #105,,Tucson,AZ,85710,0
Rise Holistics,15003 FM 529 Rd Ste J,,Houston,TX,77095,0
Riverside Doghouse,28028 Business 23E,,Paynesville,MN,56362,0
Robby Green,2610 Prancer St.,,New Orleans,LA,70131,0
"Rob's Auto & Diesel Repair, Inc",312 Washington Street,,Williamston,NC,27892,0
ROCKABETTYS HAIR PARLOR,561 SECOND STREET,,YUBA CITY,CA,95791,0
RockIt Studio,473 W Wise Rd,,Schaumburg,IL,60193,3
Rock Solid Services,2590 Junction Hwy,Warehouse J,Kerrville,TX,78028,0
Rosa Arriola - Aztec Empire Barbershop,231 North Main St,,Spanish Fork,UT,84660,1
Rosewood Hair Studio,16564 Washington Street,,Thornton,CO,80023,6
Rossy's Bookkeeping & Tax Services,2711 W Monte Cristo Rd Ste A,,Edinburg,TX,78541,7
Rougarou Collective,155 West Pine St,,Ponchatoula,LA,70454,4
Royal Cuts and Styles,10200 Foxtrail Rd south,Suite A3,Royal Palm Beach,FL,33411,158
Royce Micheal Incorporated,1209 W Farwell Avenue,,Chicago,IL,60626,0
Ruinard Inc,209 E Baseline Rd #203,,Tempe,AZ,85283,0
sales,500 west mnadison,,chicago,IL,60661,0
Salon 618,618 Front Street,,Hebron,IN,46341,2003
Salon Allison,10536 Kingstone Pike,#4,Knoxville,TN,37922,4
Salon Grove Hair Studio,12373 Hwy 49 Ste 8,,Gulfport,MS,39503,0
Salon Honey and Sage,270 paseo reyes drive,,Saint Augustine,FL,32095,1
Salon J LLC,329 Union St #101,,Nashville,TN,37201,10103
Salon Le Reve,2221 N Beech Daly Road,,Dearborn Heights,MI,48127,5
Salon Sapphire by Sabrina Marie Inc.,1571 Atwood Ave.,,Johnston,RI,02919,23
Salons QA (Prod),500 W Madison St.,#3130,Chicago,IL,60661,151
Salon Sunrise,1234 Rosedale St,,Detroit,MI,48080,2
Saltopia At Melody's,2362 Wood Ave,COLUMBUS,Columbus,OH,43221,1
Sanctified Styles By Nikki Byrd,946 Milledge Rd,Suite B,Augusta,GA,30904,0
San Diego Myofascial Release,8407 La Mesa Blvd,,La Mesa,CA,91942,196
Savage Beauty Boutique,229 del Prado Blvd N #13,,Cape Coral,FL,33909,182
Savant Hair,853 Spring St,,Medford,OR,97504,1
SAVCO AUTO REPAIR & TIRE,16908 Hull Street Road,,Moseley,VA,23120,6
SC Eagle Accounting Solutions,123 Northpoint Dr ste 178,,houston,TX,77060,0
SCENE SPACE NAIL BAR,5910 W SUNSET BLVD,,LOS ANGELES,CA,90028,375
Schindler Carpet and Floors,1430 S. Main,,Lindale,TX,75771,0
Scoop Dog,549 randolph,,chicago,IL,60056,2
Screamery Creamery,844 kathryn drive,,concord,NC,28025,0
Settin Trendz Barber & Salon,7223 Northeast Dr,,Austin,TX,78723,0
SHADOW  ERA BEAUTY LLC,3758 30TH ST.,,SAN DIEGO,CA,92104,0
Shanki Physiques Beauty and Body Spa,245 Newnan Crossing Blvd,,Newnan,GA,30263,0
Shear Dimensions,2508 S Park Drive,,Alexandria,IN,46001,24
shear experience,615 W Wisconsin St,,Sparta,WI,54656,0
Shear Impressions,1717 philo rd #17b,,urbana,IL,61802,0
Shear Obsession 2,142 Flemmingsburg Rd,,Morehead,KY,40351,7
Shear Wisdom,4340 E Kentucky Ave #411,,Glendale,CO,80246,0
Sheebops Fireworks,3889 Interstate 75 Business Spur,,Sault Ste. Marie,MI,49783,1
Shelly Sanders,1677 E Niagara,,Montrose,CO,81402,26
Shine Window Tint,2675 S. Broadway,,Denver,CO,80201,0
Silver Lining,475 W San Carlos St ste 10105,,San Jose,CA,95110,7
Simplii Inc,"190 E Stacy Rd, Ste 306",,Allen,TX,75002,0
Simply Chic,3241 Old Bay Springs Rd,,Laurel,MS,39440,1
Simply Chic - Riley Creighton,3241 Old Bay Springs Rd,,Laurel,MS,39440,0
Simply Spa,1200 Central Blvd Ste H3,,Brownsville,TX,78520,5
Single Location Virtual Terminal,300 California St,,San Francisco,CA,94104,0
Sixty Minutes To Freedom,909 W Washington Ave,,Alpena,MI,49707,0
Six Zero One Salon,608 Wayne Street,,Waynesboro,MS,39367,1
Skillz Barber Shop,6801 w 12th st suite aa,,Little Rock,AR,72204,0
Skin Care By Jodie,100 N. Madison suite B,,Greenwood,IN,46142,0
Skin RN,7656 W Sahara Ave Ste 130,,Las Vegas,NV,89117,6
Sleep Well Anesthesia,8320 Chippenham Road,,Richmond,VA,23235,0
S & L Fashion Loft,9501 Arlington Expy Ste 405,,Jacksonville,FL,32225,0
SM Brown Financial,37642 Rose St,,Palmdale,CA,93552,0
Smiley's Mobile Glass Shop Inc,7100 Forest Hill Avenue,,Richmond,VA,23225,0
Solace Health Professionals,1039 Boyds Creek Hwy,Suite #1,Seymour,TN,37876,13
Solar Panel FL CORP,1119 Isadore Dr,,Orlando,FL,32825,0
Sol The Barber,28895 Greenspot Rd Ste 101,,Highland,CA,92346,0
Somewhere on a Beach Tanning & Boutique LLC,515 Middleton Street,,St. Joseph,MT,64505,3
Sophisticated Ink,5215 W. Clearwater Suite 106,,Kennewick,WA,99336,2146
Soulful Tastings,11885 Mesquite Miel Dr,,El Paso,TX,79934,0
Soundwave Audio & Tint,6560 Montana,,El Paso,TX,79925,0
Southern Beauty Spa and Salon,207 West Jackson,,Harlingen,TX,78550,9
Southern Charm Hair Salon,7190 Rabion Dr.,,Sneads,FL,32460,32
Southern Utah Insurance,1224 S. River Road Suite A203,,St. George,UT,84790,1
Southwest Rootz Salon,5005 4th St NW Ste 204,,Albuquerque,NM,87107,14
Spa Halcyon,225 Lark St,,Albany,NY,12210,0
Spalon Elite,150 North Birch St Ste 190,,Cambridge,MN,55008,5
Spa Pro Nails,12852 Research Blvd.,,Austin,TX,78750,0
Spa Qsthetics Wellness Service and Natural Prodcuts,7164 Manchester AVE,,Maplewood,MO,63143,3
SPEEDWAY TIRES & BATTERIES,898 NORTH E. STREET,,SAN BERNARDINO,CA,92410,0
SpotOn Demo 2 (TicaSkater Appointments),500 W Madison St,,Chicago,IL,60661,87
SpotOn Demo Chiropractor,449 west madison,,chicago,IL,60661,2
Spoton Grand Junction,Grand Junction,,Grand Junction,CO,81501,3
SpotOn - Kansas City Metro Area,603 North 8th Street,,Saint Joseph,MO,64501,18
SpotOn Salons,100 SpotOn Avenue,,Chicago,IL,60016,57
SpotOn Salons Demo,300 California St,Floor 4,San Francisco,CA,94104,1
SpotOn Terminal Demo,500 west madison,,chicago,IL,60661,24
Spots by Dollar Poynt - Production,300 California St,,San Francisco,CA,94104,10
Spots by Dollar Yogita,449 west madison,,chicago,IL,60661,37
SRM Paintwerks LLC,970 N. Bridge Street,,Elkin,NC,28621,0
Starbrite Window Cleaning,1469 92nd Avenue NE,,Blaine,MN,55449,0
Steele Hair Gallery,3325 Plymouth St Ste 3,,Jacksonville,FL,32205,1
Stellus Braids,17118 W Little York Rd Suite # 107B,,Houston,TX,77084,0
Step N Out,2990 N Alma School Rd,,Chandler,AZ,85224,0
Steve O. Hair Designs,101 E. Hubbard,,Lindale,TX,75771,0
Steve's Store,111 Main Street,,Sioux City,IA,51106,0
Stilisimo Parque Lindavista,"Colector 13 No. 280, Magdalena de las Salinas, Gustavo A. Madero",,Ciudad de Mexico,DIF,07760,0
Still Waters Massage & Bodywork Studio,225 A Alamo Plaza Studio 119,,Alamo,CA,94507,1
STM Landscape Supply,5471 Hwy 43 Unit C,,Satsuma,AL,36572,0
Storey Automotive,1507 Hayes St SW,,Hartselle,AL,35640,0
Storms Welding & Mfg,513 W lake St,,Cologne St,MN,55322,0
Strengthen Yourself Natural Care,190 N Main St,,Heber City,UT,84032,0
Studio 104,1062 Johnson Ferry Road,,Marietta,GA,30068,2
STUDIO 107 HAIR,107 Market Ct,,Stevensville,MD,21666,0
Studio 17,17 W Grand Ave,,Fox Lake,IL,60020,0
Studio 36 LLC,620 Azalea Rd,,Mobile,AL,36609,1617
Studio Chic,2201 SW College Road,,Ocala,FL,34471,0
Studio Elie,20700 North Main Street. Suite110,,Cornelius,NC,28031,0
Studio Glam Hair Extensions Salon,541 W Wetmore Rd,,Tucson,AZ,85705,0
Studios By Reese Salon,11815 Mara Lynn Ste 5,,Little Rock,AR,72211,257
Style And Sass,51 Cordova St,,Saint Augustine,FL,32084,0
Style Escape,207 Cascade St.,,Osceola,WI,54020,0
Stylistix Beauty Salon,2820 michigan avenue,,Kissimmee,FL,34744,0
Styliztik Nailz,806 Old Coords Drive SW,,Albuquerque,NM,87121,0
Success Barber Salon,3951 s king drive,,chicago,IL,60653,20
Sud Busters,1505 hunter st,,Lake charles,LA,70615,0
Sudflo Softwash,797 co rd 118,,florence,AL,35633,0
Sugarworks Wax Bar & Esthetics,517 E Tennessee St,,Florence,AL,35630,0
Sun Kissed Spray Tanning,7550 W Yale Ave B201,,Denver,CO,80227,36
Sunshine Managed Associations Network,8388 S. Pamiami Trail,#173,Sarasota,FL,34238,0
Sun Spa,1057 S Wadsworth blvd,,Lakewood,CO,80226,0
Sun Spa Tanning,1057 S Wadsworth Blvd Ste 90,,Lakewood,CO,80226,2653
Superfly Tattoos,1055 4th Ave,,San Diego,CA,92102,0
Superior Auto Detail Center,1416 Tramway Rd,,Sanford,NC,27332,0
Superior Pool,4050 Florence Blvd,,Florence,AL,35634,0
Superior Styling Salon,4320 I-75 Business Spur,,Sault Sainte Marie,MI,49783,0
swapnilllllll,500,,chicago,IL,60616,1
Swapnil "Test",1000 W Madison St.,,Chicago,IL,60661,38
swapnil visit (temp2),500 west madison,,chicago,IL,60661,6
sw da,500 west madisonaaaa,,chicagaao,IL,60661,6
Tablet Test,500 west madison,,chicago,IL,60661,0
Tammy's Organic Salon,43 Boyd Ln,,Ivel,KY,41642,0
Tango,114 S. School St.,,Ukiah,CA,95482,0
Tapestry Massage & Yoga and Wildwood Apothecary,307 West Main Street,,Radford,VA,24141,5
Tappan Zee Barber Shop LLC,580 RT-303,,Blauvelt,NY,10913,0
Teeth Whitening Monterey,188 Webster St,,Monterey,CA,93940,0
Tekkeez Tech Bar,5314 N Clark Street,,Chicago,IL,60640,0
Tekkeez Tech Repair,6204 N Broadway Street,,Chicago,IL,60660,0
Teresa & Associates Day Spa and Salon,502 E college St,,Florence,AL,35630,1
Teresa & Associates Day Spa & Salon,502 E College St,,Florence,AL,35630,24
Test- 82217,929 West Madison Street Suite 3130,,Springfield,IL,60628,125
Test Account,The Street 111,,The City 111,UT,84604,11
Test Account-Cordial Expressions LLC,500 West Madison,,Chicago,IL,60661,0
Test Appointments with no catalog,300 California St,,San Francisco,CA,94598,3
TEST-bhavin pa,500 W. Madison St,,Chicago,IL,60661,0
Test Marketing Poynt v6,300 california st,,san francisco,CA,94104,5
Test Poynt Kitkat,300 California St,,San Francisco,CA,94104,17
Tete a Hair Salon,7100 US HWY 93 S,,Lakeside,MT,59922,1
Thairapy by Thereasa,505 Mildred,,Galesburg,MI,49053,0
tHAIRapy Salon,443 N Water St,,Black River Falls,WI,54615,0
The Artsy Place,710 E 6TH ST,,Muscle Shoals,AL,35661,0
The Backyard Salon and Tanning,26 E 3rd St,,Litchfield,MN,55355,1
The Beauty Gallery LLC,114 Main St,,Collins,MS,39428,883
The Canterbury Events Center,197 E. 500 So.,,Bountiful,UT,84010,0
The Center For Holistic Wellness,1535 Old Hot Springs Rd Ste 60,,Carson City,NV,89706,4
The Chosen One Salon,260 East Military Drive,,North Little Rock,AR,72118,0
The Cutting Lounge,473 N Federal Hwy,,Boca Raton,FL,33432,7
The Dexter Institute LLC,511 Main Street,,Groveport,OH,43125,0
The Esthetics Bar,110 E. Second Street,,Clayton,NC,27520,0
The Franklin Day Spa,1053 Watkins Creek,,Franklin,TN,37067,0
The Golden Touch,301 Hooffs Run Drive,Suite.1,Alexandria,VA,22314,11
The Golf Vault 2,2909 Falling Leaf Ste H,,Columbia,MO,65201,480
The Goodtime Barbershop,104 E 6th St.,,Medford,OR,97501,1122
The Grand Marshall Barber,1160 S State St Ste 140,,Orem,UT,84097,58
The Grooming Divas,6929 Richmond Rd,,Williamsburg,VA,23188,0
The Hair Connection,117 1st St W,,Conover,NC,28613,0
The Hair Experience,306 E Markland Ave,,Kokomo,IN,46901,0
The Hair Shop Etc,5435 S Calle Santa Cruz #125,,Tucson,AZ,85706,23
The Hair Shoppe,105 W Traer,,Greene,IA,50636,1
The Healers Touch,279 E Main St,,Morehead,KY,40351,0
The Inn Spot Community Acupuncture,3505 CAMINO DEL RIO STE.338,,SAN DIEGO,CA,92108,0
The Jeep Stuff,4120 W AJ Hwy,,Morristown,TN,37814,3
The Lash Lounge,8209 Ocean Gtwy Unit 5,,Easton,MD,21601,0
The Lash Studio,400 west midland avenue suite 250 b,,woodland park,CO,80863,1
The Lice Lounge Hair Care Center,113 N 2nd Ave W,,Duluth,MN,55802,0
The Makeup Studio,6046 West Maple Rd,,West Bloomfield,MI,48322,18
The Movers of El Paso,10921 Pellicano Dr. Suite 109,,El Paso,TX,79935,0
The Painted Pallet,119 N Main St,,Sylvania,GA,30467,62
The Refinery LLC,400 W Superior St,,Kokomo,IN,46901,1
The Retreat Day Spa and Boutique,502 E. Tuscaloosa St,,Florence,AL,35630,719
The Royal S'paw,2100 E Fairview Ave Ste 6,,Meridian,ID,83642,14
The Salty Paw Grooming Salon,1734 B Savannah Highway,,Charleston,SC,29407,0
The V Spa By Be Ronette,450 Blanding Blvd,Suite 2,Orangepark,FL,32073,29
The Zen Zone,1282 Highway 175 Suite A,,Hubertus,WI,53033,0
TicaSkater Appointments Demo,550 W Randolph St,,Chicago,IL,60661,0
TIcaSkater Poynt Demo 2,500 west madison,,chicago,IL,60661,11
Time II Shine Haircuts,2220 1/2 SW 74th Street,,Oklahoma City,OK,73159,11
Tim Stites,6950 Flowering Almond Drive,,Colorado Springs,CO,80923,2
Toad-ally Fresh Air,7550 W Yale Ave #B-201,,Denver,CO,80227,0
Today Clips,8546 S Hulen St,,Fort Worth,TX,76123,1
Tomas Pino D.D.S,415 S. Federal Hwy STE # 2,,Lake Worth,FL,33460,0
Toni and Guy,8405 Park Meadows Center,,Lone Tree,CO,80124,9
Top Rank Barbershop,1900 W University,,edinburgh,TX,78539,0
Tortilleria La Paz,200 e 18th st,,cheyenne,WY,82001,0
Totally Kids LLC,2082 M-32 West,,Alpena,MI,49707,2
Touch of Health Wellness Center,10417 Excelsior Blvd Ste 3,,Hopkins,MN,55343,1790
Town & Country Hand Car Wash,2747 E Chapman Ave,,Orange,CA,92869,0
Traditions Salon,10233 Chapman Hwy,,Seymour,TN,37865,1800
Trendsetter Barbershop,159 W Walnut St,,Jesup,GA,31545,210
Trenz Salon and Day Spa,1516 N Main st,,Harrison,AR,72601,0
Trenz Too,130 Industrial Park Rd,Suite B,Harrison,AR,72601,0
Trotter Brothers Flooring,3130 Battleground Avenue,,Greensboro,NC,27408,0
Troy Michael A Strands Barr,1548 The Greens Way,suite 3,Jacksonville Beach,FL,32250,0
"True Balance Center for Breath and Body Work, Inc.",773 Lower Fayetteville Rd,,Newnan,GA,30265,932
True Balance Massage and Wellness,5510 NE Antioch Rd,,Kansas City,MO,64119,43
Tyler Salene Therapy,9200 Manmelle blvd,,north little rock,AR,72117,71
UBU Stylez,12310 Chenal Pkwy,,Little Rock,AR,72211,0
Unleashed Dog Grooming,8810 College St.,,Olive Branch,MS,38654,4531
Unveiled Beauty and Barber,3206 Ironbound Rd Ste A,,Williamsburg,VA,23188,355
U.P. Auto Detailing,1285 E. Easterday Ave,,Sault Sainte,MI,49783,91
Urban Cell Repair,715 S. 900 W. Suite #D,,Salt Lake City,UT,84104,0
Urban Sports Therapy,4338 Mississippi St #16,,San Diego,CA,92104,0
Usha's Eyebrow Threading & Spa,3408 S. University Ave.,STE 8,Little Rock,AR,72204,90
Usherwood + Co.,1408 S 3rd Street,,Las Vegas,NV,89104,0
uw subbloc tsys,418 Summit Rd,,Walnut Creek,CA,94598,1
uw website sep 11,300 cali st,,san fran,CA,94104,0
Valerie Narciso,406 A Alverado,,monterey,CA,93940,0
Valley Creek Spa,3550 n university ave suite 175,,Provo,UT,84604,0
Vamachara,585 Bicycle Path,,Port Jefferson Station,NY,11776,84
Vanity Hair Co,210 Market St,,Portsmouth,OH,45662,2452
Vanity Room,2190 Suite D,Whitehall Rd,Muskegon,MI,49445,0
VEVA Beauty,6304 woodside ct suite 110,,columbia,MD,21046,43
Via Bella,6603 Spring Stuebner Road # 313,,Spring,TX,77389,2
Vibe: A Hair Company,2730 US 1 South,,Saint Augustine,FL,32086,0
Vibe Inc,236 W garden St Suite 1,,Pensacola,FL,32502,3967
Vibes Nails and Lotion Bar,325 E Main St,,Johnson City,TN,37601,193
Vicki Henke,2300 East 30th Building B 103,,Farmington,NM,87401,11
Victorious Registration Solution,741 N LA Cadena Ste B,,Colton,CA,92324,0
Victor's Healing Body,325 Lander Ave,,Turlock,CA,95380,0
Vida Youssephzadeh,8988 X Sheridan Rd,,Tulsa,OK,74133,0
Villa Del Sol,423 Grand Ave,,South San Francisco,CA,94080,47
Village Hair Salon,560 Weathersby Rd Suite 90,,Hattiesburg,MS,39402,1
Vincent & Company,1626 Orrigton,,Evanston,IL,60201,0
Vinny's Italian Kitchen,5337 Gulf Dr,,Holmes Beach,FL,34217,0
VIP Dominican Beauty Salon,4250 Main St #113,,Harrisburg,NC,28075,40
VIP Nail Studio LLC,33 Boston Turnpike,,Shrewsbury,MA,01545,0
Virtual Experience,285 W Center Street,,Provo,UT,84601,2
Vista Pet Groomery,2210 E Vista Way,STE 8,Vista,CA,92084,0
Vitality Wellness Spa,1039 Boyds Creek Hwy Ste 2,,Seymour,TN,37865,3
Vitruvian Fitness Concepts LLC,1560 Lenox Ave Suite 305,,Miami Beach,FL,33139,0
Viva Diva Nails,8605 Nottingham Dr,,Ypsilanti,MI,48198,1
VN Auto Repair,43 Tiburon St,,San Rafael,CA,94901,0
Walks With Julia,511 Kenwood Ave Apt A,,Delmar,NY,12054,2
Wally's Auto Service,161 Farnum Pike,,Smithfield,RI,02917,0
Watson Barber Shop,2309 N Hammond Ave,,Bethany,OK,73098,0
Waves Massage,1515 N University Dr 214,,Coral Springs,FL,33071,21
Wax Spa,1590 NE 162nd st Suite 200,,North Miami Beach,FL,33162,13
Wayndedale Pancake Cafe,5700 Bluffton Road,,Fort Wayne,IN,46809,0
Wendys Nail & Spa,10916 Atlantic Blvd Ste 11,,Jacksonville,FL,32225,3578
Westcott Law Group PLLC,9525 Bissonnet St Suite 270,,Houston,TX,77036,1
What A Tease Hair Studio LLC,3600 Elida Road suite F,,Lima,OH,45807,1113
White Oak Hair & Nail Studio,1485 Hwy 34 East,,newman,GA,30265,25
White’s Garage,450 N. Main St,,Shrewsbury,PA,17361,0
Wildflower Salon & Spa,2630 W Main St,,Bozeman,MT,59718,396
Wildside Nails,1700 N 10th St Ste M,,McAllen,TX,78501,1
Wilkinson Rhodes,116 Parklane Dr,,San Antonio,TX,78212,0
Williams Creek Cabins,2118 Williams Creek- Music Rd,,Rush,KY,41168,23
Willis Day Spa,676 S Pear Orchard Rd,,Ridgeland,MS,39157,194
Willoway Spa and Wellness,407 Michigan St,,Petoskoy,MI,49770,0
Willow Wellness Salon & Spa,233 Country Club Drive,,Concord,NC,28025,13
Wolf's Den Billiards,4820 Hollins Road,,Roanoke,VA,24019,0
Wrench Junky Auto Services,2435 S. Stone Mountain Blvd,,Lithonia,GA,30058,2
Wren & Ivy Salon Co,170 S South St,,Gastonia,NC,28052,0
Xin Sui Reflexology,6518 RT 22,,Delmont,PA,15626,0
Xtreme Core Fitness llc,"125 N KENAZO AVE STE I,J",,HORIZON CITY,TX,79928,2
xyz corp -CODY- Live Demo,300 California ST,,San Francisco,CA,94111,0
Yanna Yim Salon,727 Pantiac Ave,,Cranston,RI,02920,0
Yarbrough Party Hall,550 n yarbrough ste 205,,El Paso,TX,79915,0
Yaya’s Nail Spa,4753 NW 167th St,,Miami Gardens,FL,33055,0
Your Accident Center,141 E 5600 S Ste 204,,Murray,UT,84107,0
Your Salon,302 water st,,Eau Claire,WI,54703,4
Your Salon,302 Water St,,Eau Claire,WI,54703,29
You've Got Maids,93 S West End Blvd,,Quakertown,PA,18951,0
YV Beauty Creations Inc,2910 Jog Road,,Greenacres,FL,33463,0
Yvonne's Hair Salon,3037 Lockport Olcott rd,,Newfane,NY,14108,6
Zhenni Spa,2223 NW Broad St Suite A,,Murfreesboro,TN,37129,4
Zion Motors Inc,950 S Bluff Street,,St George,UT,84770,1
